﻿{
    "craftsmen": [
        {
            "id": 1,
            "name": "محمد علي",
            "job": "كهربائي",
            "rating": 4.8,
            "distance": "1.2 كم",
            "reviews": [ "خدمة ممتازة", "وصل بسرعة" ]
        },
        {
            "id": 2,
            "name": "أحمد حسن",
            "job": "سباك",
            "rating": 4.6,
            "distance": "2.1 كم",
            "reviews": [ "سعر مناسب", "اجتهاد في الشغل" ]
        },
        {
            "id": 3,
            "name": "يوسف عمر",
            "job": "نجار",
            "rating": 4.9,
            "distance": "0.9 كم",
            "reviews": [ "تشطيب رائع", "دقيق ومخلص" ]
        }
    ],
    "bookings": []
}
